safename	fullname
sentinel-protocol	Sentinel Protocol
hiveterminal-token	Hiveterminal Token
business-credit-alliance-chain	Business Credit Alliance Chain
distributed-credit-chain	Distributed Credit Chain
liquidity-network	Liquidity Network
bitcoin-incognito	Bitcoin Incognito
gene-source-code-chain	Gene Source Code Chain
boxx-token-blockparty	BOXX Token [Blockparty]
formosa-financial	Formosa Financial
bitscreener-token	BitScreener Token
coinsuper-ecosystem-network	Coinsuper Ecosystem Network
digital-asset-guarantee-token	Digital Asset Guarantee Token
global-awards-token	Global Awards Token
traceability-chain	Traceability Chain
divi-exchange-token	Divi Exchange Token
kora-network-token	Kora Network Token
jury-online-token	Jury.Online Token
newton-coin-project	Newton Coin Project
digital-insurance-token	Digital Insurance Token
tokenstars	TEAM (TokenStars)
zenswap-network-token	Zenswap Network Token
cyber-movie-chain	Cyber Movie Chain
mainstream-for-the-underground	Mainstream For The Underground
ether-kingdoms-token	Ether Kingdoms Token
archetypal-network	Archetypal Network
mass-vehicle-ledger	Mass Vehicle Ledger
carboneum-c8-token	Carboneum [C8] Token
bitcoin-w-spectrum	Bitcoin W Spectrum
help-the-homeless-coin	Help The Homeless Coin
brokernekonetwork	BrokerNekoNetwork
ixtus-edutainment	IXTUS Edutainment
the-midas-touch-gold	The Midas Touch Gold
globalvillage-ecosystem	Globalvillage Ecosystem
atlantis-blue-digital-token	Atlantis Blue Digital Token
ubique-chain-of-things	Ubique Chain Of Things
thingsoperatingsystem	ThingsOperatingSystem
alchemint-standards	Alchemint Standards
master-contract-token	Master Contract Token
blockchain-quotations-index-token	Blockchain Quotations Index Token
moving-cloud-coin	Moving Cloud Coin
crypto-harbor-exchange	Crypto Harbor Exchange
blockchain-certified-data-token	Blockchain Certified Data Token
commerce-data-connection	Commerce Data Connection
invictus-hyperion-fund	Invictus Hyperion Fund
social-lending-token	Social Lending Token
helper-search-token	Helper Search Token
smart-application-chain	Smart Application Chain
communitygeneration	CommunityGeneration
crypto-improvement-fund	Crypto Improvement Fund
digital-asset-exchange-token	Digital Asset Exchange Token
