code	name	safename
BTC	Bitcoin	bitcoin
ETH	Ethereum	ethereum
XRP	Ripple	ripple
BCH	Bitcoin Cash	bitcoin-cash
EOS	EOS	eos
LTC	Litecoin	litecoin
ADA	Cardano	cardano
XLM	Stellar	stellar
MIOTA	IOTA	iota
TRX	TRON	tron
NEO	NEO	neo
XMR	Monero	monero
DASH	Dash	dash
USDT	Tether	tether
XEM	NEM	nem
VEN	VeChain	vechain
BNB	Binance Coin	binance-coin
ETC	Ethereum Classic	ethereum-classic
ONT	Ontology	ontology
QTUM	Qtum	qtum
OMG	OmiseGO	omisego
BCN	Bytecoin	bytecoin-bcn
ICX	ICON	icon
ZIL	Zilliqa	zilliqa
ZEC	Zcash	zcash
LSK	Lisk	lisk
AE	Aeternity	aeternity
BTG	Bitcoin Gold	bitcoin-gold
DCR	Decred	decred
ZRX	0x	0x
BTM	Bytom	bytom
STEEM	Steem	steem
XVG	Verge	verge
SC	Siacoin	siacoin
BTS	BitShares	bitshares
NANO	Nano	nano
RHOC	RChain	rchain
GNT	Golem	golem-network-tokens
MKR	Maker	maker
WAN	Wanchain	wanchain
BCD	Bitcoin Diamond	bitcoin-diamond
PPT	Populous	populous
STRAT	Stratis	stratis
WAVES	Waves	waves
DOGE	Dogecoin	dogecoin
REP	Augur	augur
BTCP	Bitcoin Private	bitcoin-private
WTC	Waltonchain	waltonchain
IOST	IOST	iostoken
DGB	DigiByte	digibyte
WICC	WaykiChain	waykichain
XIN	Mixin	mixin
SNT	Status	status
NAS	Nebulas	nebulas-token
HSR	Hshare	hshare
AION	Aion	aion
DGD	DigixDAO	digixdao
LRC	Loopring	loopring
BAT	Basic Attenti...	basic-attention-token
HT	Huobi Token	huobi-token
KMD	Komodo	komodo
ELF	aelf	aelf
ARK	Ark	ark
ARDR	Ardor	ardor
GXS	GXChain	gxchain
CMT	CyberMiles	cybermiles
ELA	Elastos	elastos
MAID	MaidSafeCoin	maidsafecoin
BNT	Bancor	bancor
SKY	Skycoin	skycoin
PIVX	PIVX	pivx
CNX	Cryptonex	cryptonex
GAS	Gas	gas
LOOM	Loom Network	loom-network
MONA	MonaCoin	monacoin
CTXC	Cortex	cortex
DCN	Dentacoin	dentacoin
MOAC	MOAC	moac
RDD	ReddCoin	reddcoin
VERI	Veritaseum	veritaseum
KNC	Kyber Network	kyber-network
POLY	Polymath	polymath-network
MITH	Mithril	mithril
ETHOS	Ethos	ethos
SYS	Syscoin	syscoin
QASH	QASH	qash
FUN	FunFair	funfair
THETA	Theta Token	theta-token
CENNZ	Centrality	centrality
FSN	Fusion	fusion
SUB	Substratum	substratum
ENG	Enigma	enigma-project
FCT	Factom	factom
NULS	Nuls	nuls
ETN	Electroneum	electroneum
DRGN	Dragonchain	dragonchain
NXS	Nexus	nexus
KIN	Kin	kin
NXT	Nxt	nxt
SOC	All Sports	all-sports
XZC	ZCoin	zcoin
STORM	Storm	storm
BIX	Bibox Token	bibox-token
BFT	BnkToTheFuture	bnktothefuture
HOT	Holo	holo
MYB	MyBit Token	mybit-token
BLOCK	Blocknet	blocknet
DROP	Dropil	dropil
POWR	Power Ledger	power-ledger
RLC	iExec RLC	rlc
GTO	Gifto	gifto
DDD	Scry.info	scryinfo
WAX	WAX	wax
LINK	ChainLink	chainlink
SALT	SALT	salt
DBC	DeepBrain Chain	deepbrain-chain
MAN	Matrix AI Net...	matrix-ai-network
HPB	High Performa...	high-performance-blockchain
MANA	Decentraland	decentraland
TRUE	True Chain	true-chain
MCO	Monaco	monaco
STORJ	Storj	storj
CVC	Civic	civic
ACT	Achain	achain
PAYX	Paypex	paypex
QSP	Quantstamp	quantstamp
EOSDAC	eosDAC	eosdac
EMC	Emercoin	emercoin
NEBL	Neblio	neblio
NCASH	Nucleus Vision	nucleus-vision
PAY	TenX	tenx
AGI	SingularityNET	singularitynet
NEXO	Nexo	nexo
GBYTE	Byteball Bytes	byteball
DENT	Dent	dent
REQ	Request Network	request-network
ICN	Iconomi	iconomi
TNB	Time New Bank	time-new-bank
RUFF	Ruff	ruff
SMART	SmartCash	smartcash
XAS	Asch	asch
R	Revain	revain
ZEN	ZenCash	zencash
LYM	Lympo	lympo
CND	Cindicator	cindicator
BTCD	BitcoinDark	bitcoindark
ABT	Arcblock	arcblock
DPY	Delphy	delphy
IHT	IHT Real Esta...	iht-real-estate-protocol
ANT	Aragon	aragon
BTO	Bottos	bottos
TKY	THEKEY	thekey
GTC	Game.com	game
BLZ	Bluzelle	bluzelle
GNO	Gnosis	gnosis-gno
GAME	GameCredits	gamecredits
POA	POA Network	poa-network
MDS	MediShares	medishares
SAN	Santiment Net...	santiment
STQ	Storiqa	storiqa
PART	Particl	particl
ENJ	Enjin Coin	enjin-coin
SMT	SmartMesh	smartmesh
NKN	NKN	nkn
SNM	SONM	sonm
GRS	Groestlcoin	groestlcoin
VTC	Vertcoin	vertcoin
GNX	Genaro Network	genaro-network
SRN	SIRIN LABS Token	sirin-labs-token
DATA	Streamr DATAcoin	streamr-datacoin
IGNIS	Ignis	ignis
BOS	BOScoin	boscoin
SPHTX	SophiaTX	sophiatx
MTL	Metal	metal
PLR	Pillar	pillar
CS	Credits	credits
DEW	DEW	dew
POE	Po.et	poet
XDN	DigitalNote	digitalnote
DTR	Dynamic Tradi...	dynamic-trading-rights
MTC	Docademic	docademic
GVT	Genesis Vision	genesis-vision
RDN	Raiden Networ...	raiden-network-token
ITC	IoT Chain	iot-chain
CVT	CyberVein	cybervein
AMB	Ambrosus	amber
UBQ	Ubiq	ubiq
NAV	NavCoin	nav-coin
VEE	BLOCKv	blockv
CRPT	Crypterium	crypterium
DTA	DATA	data
C20	CRYPTO20	c20
BURST	Burst	burst
TRAC	OriginTrail	origintrail
JNT	Jibrel Network	jibrel-network
AUTO	Cube	cube
INK	Ink	ink
CPX	Apex	apex
TPAY	TokenPay	tokenpay
IOTX	IoTeX	iotex
EKT	EDUCare	educare
BRD	Bread	bread
ZCL	ZClassic	zclassic
REN	Republic Prot...	republic-protocol
SBD	Steem Dollars	steem-dollars
LEND	ETHLend	ethlend
PPC	Peercoin	peercoin
RPX	Red Pulse	red-pulse
BCO	BridgeCoin	bridgecoin
BTX	Bitcore	bitcore
ECA	Electra	electra
XPM	Primecoin	primecoin
OST	OST	ost
DAX	DAEX	daex
TEL	Telcoin	telcoin
PPP	PayPie	paypie
ADX	AdEx	adx-net
TUSD	TrueUSD	trueusd
RNTB	BitRent	bitrent
EDO	Eidoo	eidoo
EDG	Edgeless	edgeless
TIO	Trade Token	trade-token
LET	LinkEye	linkeye
EMC2	Einsteinium	einsteinium
AST	AirSwap	airswap
BAX	BABB	babb
DAI	Dai	dai
RKT	Rock	rock
TOMO	TomoChain	tomochain
RCN	Ripio Credit ...	ripio-credit-network
QRL	Quantum Resis...	quantum-resistant-ledger
SAFEX	Safe Exchange...	safe-exchange-coin
SLS	SaluS	salus
HOT	Hydro Protocol	hydro-protocol
MED	MediBloc	medibloc
CLOAK	CloakCoin	cloakcoin
ZCO	Zebi	zebi
FXT	FuzeX	fuzex
BAY	BitBay	bitbay
XSN	Stakenet	stakenet
VIA	Viacoin	viacoin
SWFTC	SwftCoin	swftcoin
SPANK	SpankChain	spankchain
WGR	Wagerr	wagerr
SNGLS	SingularDTV	singulardtv
QBT	Qbao	qbao
DNT	district0x	district0x
RVN	Ravencoin	ravencoin
BITCNY	bitCNY	bitcny
MNX	MinexCoin	minexcoin
TKN	TokenCard	tokencard
TEN	Tokenomy	tokenomy
WABI	WaBi	wabi
WINGS	Wings	wings
KCS	KuCoin Shares	kucoin-shares
NLG	Gulden	gulden
LGO	Legolas Exchange	legolas-exchange
WPR	WePower	wepower
UTK	UTRUST	utrust
OCN	Odyssey	odyssey
HAV	Havven	havven
APPC	AppCoins	appcoins
XWC	WhiteCoin	whitecoin
INT	Internet Node...	internet-node-token
NANJ	NANJCOIN	nanjcoin
ETP	Metaverse ETP	metaverse
INS	INS Ecosystem	ins-ecosystem
DATX	DATx	datx
NGC	NAGA	naga
XCP	Counterparty	counterparty
LCC	Litecoin Cash	litecoin-cash
ZPT	Zeepin	zeepin
LYL	LoyalCoin	loyalcoin
XP	Experience Po...	experience-points
TNT	Tierion	tierion
HTML	HTMLCOIN	html-coin
PRL	Oyster	oyster
KICK	KickCoin	kickico
PST	Primas	primas
MOD	Modum	modum
ODE	ODEM	odem
LBC	LBRY Credits	library-credit
DXT	Datawallet	datawallet
BANCA	Banca	banca
VIBE	VIBE	vibe
BOT	Bodhi	bodhi
DBET	DecentBet	decent-bet
CPC	CPChain	cpchain
TCT	TokenClub	tokenclub
UNO	Unobtanium	unobtanium
OCT	OracleChain	oraclechain
PRE	Presearch	presearch
ION	ION	ion
MGO	MobileGo	mobilego
FAIR	FairCoin	faircoin
YEE	YEE	yee
SOAR	Soarcoin	soarcoin
QLC	QLINK	qlink
ZOI	Zoin	zoin
DCT	DECENT	decent
UTNP	Universa	universa
UUU	U Network	u-network
TAAS	TaaS	taas
TNC	Trinity Netwo...	trinity-network-credit
CAS	Cashaa	cashaa
LUN	Lunyr	lunyr
YOYOW	YOYOW	yoyow
CDT	Blox	blox
AEON	Aeon	aeon
DOCK	Dock	dock
FUEL	Etherparty	etherparty
QUN	QunQun	qunqun
MOBI	Mobius	mobius
NMC	Namecoin	namecoin
PURA	Pura	pura
SWM	Swarm	swarm-fund
SSC	SelfSell	selfsell
PHR	Phore	phore
ELEC	Electrify.Asia	electrifyasia
TRIG	Triggers	triggers
$PAC	PACcoin	paccoin
IXT	iXledger	ixledger
SENT	Sentinel	sentinel
MLN	Melon	melon
XDCE	XinFin Network	xinfin-network
FTC	Feathercoin	feathercoin
COSS	COSS	coss
SHIFT	Shift	shift
ECC	ECC	eccoin
HXX	Hexx	hexx
RFR	Refereum	refereum
BCPT	BlockMason Cr...	blockmason
VIB	Viberate	viberate
SXDT	Spectre.ai Di...	spectre-dividend
XEL	Elastic	elastic
DAT	Datum	datum
PRO	Propy	propy
ACAT	Alphacat	alphacat
POT	PotCoin	potcoin
UKG	Unikoin Gold	unikoin-gold
COLX	ColossusXT	colossusxt
DIME	Dimecoin	dimecoin
MTN	Medicalchain	medical-chain
1ST	FirstBlood	firstblood
BKX	Bankex	bankex
UGC	ugChain	ugchain
XBY	XTRABYTES	xtrabytes
PZM	PRIZM	prizm
HMQ	Humaniq	humaniq
MSP	Mothership	mothership
AURA	Aurora DAO	aurora-dao
NTK	Neurotoken	neurotoken
BITG	Bitcoin Green	bitcoin-green
ZSC	Zeusshield	zeusshield
HVN	Hive Project	hive-project
BLT	Bloom	bloomtoken
CSC	CasinoCoin	casinocoin
STX	Stox	stox
CREDO	Credo	credo
HST	Decision Token	decision-token
TSL	Energo	energo
FOTA	Fortuna	fortuna
CFI	Cofound.it	cofound-it
STK	STK	stk
XES	Proxeus	proxeus
MEDIC	MedicCoin	mediccoin
COB	Cobinhood	cobinhood
ADT	adToken	adtoken
PLBT	Polybius	polybius
AMP	Synereo	synereo
SNC	SunContract	suncontract
SWTH	Switcheo	switcheo
MER	Mercury	mercury
ONION	DeepOnion	deeponion
BRM	BrahmaOS	brahmaos
LINDA	Linda	linda
EVX	Everex	everex
LEO	LEOcoin	leocoin
PEPECASH	Pepe Cash	pepe-cash
TIME	Chronobank	chronobank
MORPH	Morpheus Network	morpheus-network
BITB	Bean Cash	bean-cash
DMT	DMarket	dmarket
LALA	LALA World	lala-world
GRID	Grid+	grid
TAU	Lamden	lamden
BLK	BlackCoin	blackcoin
PPY	Peerplays	peerplays-ppy
SENC	Sentinel Chain	sentinel-chain
ALQO	ALQO	alqo
THC	HempCoin	hempcoin
GUP	Matchpool	guppy
MTH	Monetha	monetha
PRA	ProChain	prochain
ARN	Aeron	aeron
DADI	DADI	dadi
NLC2	NoLimitCoin	nolimitcoin
CAPP	Cappasity	cappasity
NKC	Nework	nework
XTO	Tao	tao
ORME	Ormeus Coin	ormeus-coin
DIM	DIMCOIN	dimcoin
MDA	Moeda Loyalty...	moeda-loyalty-points
BBN	Banyan Network	banyan-network
BMC	Blackmoon	blackmoon
BIS	Bismuth	bismuth
IOC	I/O Coin	iocoin
AIT	AICHAIN	aichain
INCNT	Incent	incent
TIX	Blocktix	blocktix
AIDOC	AI Doctor	aidoc
PASC	Pascal Coin	pascal-coin
GRC	GridCoin	gridcoin
DLT	Agrello	agrello-delta
UP	UpToken	uptoken
SPC	SpaceChain	spacechain
XSH	SHIELD	shield-xsh
HMC	Hi Mutual Soc...	hi-mutual-society
BBR	Boolberry	boolberry
CRW	Crown	crown
MDT	Measurable Da...	measurable-data-token
CLO	Callisto Network	callisto-network
BITUSD	bitUSD	bitusd
PCN	PeepCoin	peepcoin
KRM	Karma	karma
OAX	OAX	oax
KEY	Selfkey	selfkey
GEN	DAOstack	daostack
ART	Maecenas	maecenas
FLO	FlorinCoin	florincoin
DMD	Diamond	diamond
CV	carVertical	carvertical
COV	Covesting	covesting
BCA	Bitcoin Atom	bitcoin-atom
MWAT	Restart Energ...	restart-energy-mwat
BPT	Blockport	blockport
TUBE	BitTube	bit-tube
RNT	OneRoot Network	oneroot-network
QAU	Quantum	quantum
OMNI	Omni	omni
MOON	Mooncoin	mooncoin
CHP	CoinPoker	coinpoker
MUE	MonetaryUnit	monetaryunit
LUX	LUXCoin	luxcoin
EVN	Envion	envion
IDH	indaHash	indahash
RVR	RevolutionVR	revolutionvr
EKO	EchoLink	echolink
EXRN	EXRNchain	exrnchain
GIN	GINcoin	gincoin
OXY	Oxycoin	oxycoin
BQ	bitqy	bitqy
NMR	Numeraire	numeraire
RADS	Radium	radium
BETR	BetterBetting	betterbetting
CHSB	SwissBorg	swissborg
RMT	SureRemit	sureremit
UBT	Unibright	unibright
SKB	Sakura Bloom	sakura-bloom
LA	LATOKEN	latoken
ATM	ATMChain	attention-token-of-media
UQC	Uquid Coin	uquid-coin
SHND	StrongHands	stronghands
XRL	Rialto	rialto
REM	Remme	remme
EVR	Everus	everus
VRC	VeriCoin	vericoin
ZAP	Zap	zap
SLR	SolarCoin	solarcoin
HKN	Hacken	hacken
GRFT	Graft	graft
EXP	Expanse	expanse
APH	Aphelion	aphelion
TFD	TE-FOOD	te-food
DIVX	Divi	divi
NEU	Neumark	neumark
SLT	Smartlands	smartlands
MOT	Olympus Labs	olympus-labs
RBY	Rubycoin	rubycoin
POLIS	Polis	polis
FLASH	Flash	flash
SS	Sharder	sharder
PAL	PolicyPal Net...	policypal-network
CAT	BitClave	bitclave
FDZ	Friendz	friends
PRG	Paragon	paragon
DICE	Etheroll	etheroll
SIB	SIBCoin	sibcoin
HER	HeroNode	heronode
CVCOIN	CVCoin	cvcoin
BTM	Bitmark	bitmark
RVT	Rivetz	rivetz
HYDRO	Hydrogen	hydrogen
NYC	NewYorkCoin	newyorkcoin
DEV	DeviantCoin	deviantcoin
DTB	Databits	databits
PKT	Playkey	playkey
LOC	LockTrip	lockchain
GCR	Global Curren...	global-currency-reserve
SEXC	ShareX	sharex
EDR	E-Dinar Coin	e-dinar-coin
AIR	AirToken	airtoken
MRK	MARK.SPACE	mark-space
LMC	LoMoCoin	lomocoin
AXP	aXpire	axpire
CLAM	Clams	clams
NBAI	Nebula AI	nebula-ai
NCT	PolySwarm	polyswarm
PARETO	Pareto Network	pareto-network
MTX	Matryx	matryx
BEZ	Bezop	bezop
FLUZ	Fluz Fluz	fluz-fluz
XMY	Myriad	myriad
REBL	REBL	rebl
BSD	BitSend	bitsend
DRT	DomRaider	domraider
RMC	Russian Miner...	russian-mining-coin
DBIX	DubaiCoin	dubaicoin-dbix
BDG	BitDegree	bitdegree
TCC	The ChampCoin	the-champcoin
MITX	Morpheus Labs	morpheus-labs
NEOS	NeosCoin	neoscoin
NXC	Nexium	nexium
PINK	PinkCoin	pinkcoin
HBT	Hubii Network	hubii-network
BERRY	Rentberry	rentberry
NET	Nimiq Exchang...	nimiq
FLIXX	Flixxo	flixxo
ICOS	ICOS	icos
NAVI	Naviaddress	naviaddress
SWT	Swarm City	swarm-city
EFX	Effect.AI	effect-ai
ELIX	Elixir	elixir
PTOY	Patientory	patientory
MUSIC	Musicoin	musicoin
LOKI	Loki	loki
XPA	XPA	xpa
OK	OKCash	okcash
SHIP	ShipChain	shipchain
FID	Fidelium	fidelium
ATN	ATN	atn
NPER	NPER	nper
BEE	Bee Token	bee-token
GOLOS	Golos	golos
HWC	HollyWoodCoin	hollywoodcoin
IFT	InvestFeed	investfeed
BWK	Bulwark	bulwark
GET	GET Protocol	get-protocol
DYN	Dynamic	dynamic
GAM	Gambit	gambit
SIG	Spectiv	signal-token
FLDC	FoldingCoin	foldingcoin
XST	Stealth	stealth
PUT	Profile Utili...	profile-utility-token
SPD	Stipend	stipend
IPL	InsurePal	insurepal
COFI	CoinFi	coinfi
EZT	EZToken	eztoken
DNA	EncrypGen	encrypgen
XAUR	Xaurum	xaurum
NVC	Novacoin	novacoin
CXO	CargoX	cargox
SPRTS	Sprouts	sprouts
NPX	NaPoleonX	napoleonx
DEB	Debitum	debitum-network
ENRG	Energycoin	energycoin
TRST	WeTrust	trust
IDXM	IDEX Membership	idex-membership
AID	AidCoin	aidcoin
BLUE	Blue Protocol	ethereum-blue
WCT	Waves Communi...	waves-community-token
DGTX	Digitex Futures	digitex-futures
CJT	ConnectJob	connectjob
ESP	Espers	espers
SNOV	Snovio	snovio
CAG	Change	change
SPHR	Sphere	sphere
GLD	GoldCoin	goldcoin
EVE	Devery	devery
PND	Pandacoin	pandacoin-pnd
ADB	adbank	adbank
AVT	Aventus	aventus
AVA	Travala	travala
BNTY	Bounty0x	bounty0x
MYST	Mysterium	mysterium
MLM	MktCoin	mktcoin
COVAL	Circuits of V...	circuits-of-value
HBZ	Helbiz	helbiz
CAN	CanYaCoin	canyacoin
PLU	Pluton	pluton
WRC	Worldcore	worldcore
IPSX	IP Exchange	ip-exchange
CLN	Colu Local Ne...	colu-local-network
XSPEC	Spectrecoin	spectrecoin
ALIS	ALIS	alis
LWF	Local World F...	local-world-forwarders
XNK	Ink Protocol	ink-protocol
UCASH	U.CASH	ucash
DOT	Dotcoin	dotcoin
LND	Lendingblock	lendingblock
ADST	AdShares	adshares
HEAT	HEAT	heat-ledger
DOVU	Dovu	dovu
ARY	Block Array	block-array
DERO	Dero	dero
ZLA	Zilla	zilla
GLA	Gladius Token	gladius-token
POLL	ClearPoll	clearpoll
SPF	SportyCo	sportyco
PIRL	Pirl	pirl
ATB	ATBCoin	atbcoin
CBT	CommerceBlock	commerceblock
MINT	Mintcoin	mintcoin
B2B	B2BX	b2bx
LIFE	LIFE	life
LDC	Leadcoin	leadcoin
BUN	BunnyCoin	bunnycoin
BCY	Bitcrystals	bitcrystals
ERO	Eroscoin	eroscoin
CURE	Curecoin	curecoin
TIPS	FedoraCoin	fedoracoin
TX	TransferCoin	transfercoin
BIO	BioCoin	biocoin
VIT	Vice Industry...	vice-industry-token
PRIX	Privatix	privatix
SYNX	Syndicate	syndicate
GBX	GoByte	gobyte
MAX	MaxCoin	maxcoin
INSTAR	Insights Network	insights-network
SEQ	Sequence	sequence
LNC	Linker Coin	linker-coin
TRF	Travelflex	travelflex
TOA	ToaCoin	toacoin
AUR	Auroracoin	auroracoin
TKA	Tokia	tokia
J8T	JET8	jet8
TGT	Target Coin	target-coin
CLR	ClearCoin	clearcoin
TFL	TrueFlip	trueflip
XHV	Haven Protocol	haven-protocol
ADI	Aditus	aditus
XLR	Solaris	solaris
OBITS	OBITS	obits
BET	DAO.Casino	dao-casino
KORE	Kore	korecoin
SHL	Oyster Shell	oyster-shell
FND	FundRequest	fundrequest
PCL	Peculium	peculium
AUC	Auctus	auctus
PFR	Payfair	payfair
IOP	Internet of P...	internet-of-people
ABY	ArtByte	artbyte
PBL	Publica	publica
GOOD	Goodomy	goodomy
GCC	Global Crypto...	global-cryptocurrency
LATX	LatiumX	latiumx
FDX	FidentiaX	fidentiax
BRX	Breakout Stake	breakout-stake
INV	Invacio	invacio
ATMOS	Atmos	atmos
DTH	Dether	dether
TKS	Tokes	tokes
GEO	GeoCoin	geocoin
HQX	HOQU	hoqu
BSTN	BitStation	bitstation
FTX	FintruX Network	fintrux-network
ERC	EuropeCoin	europecoin
ZRC	ZrCoin	zrcoin
XMCC	Monoeci	monacocoin
QWARK	Qwark	qwark
PTC	Pesetacoin	pesetacoin
ADH	AdHive	adhive
BTCZ	BitcoinZ	bitcoinz
HYP	HyperStake	hyperstake
PURE	Pure	pure
VIU	Viuly	viuly
ATL	ATLANT	atlant
NIO	Autonio	autonio
AMLT	AMLT	amlt
2GIVE	2GIVE	2give
ASTRO	Astro	astro
VOISE	Voise	voisecom
SETH	Sether	sether
SXUT	Spectre.ai Ut...	spectre-utility
NTRN	Neutron	neutron
OTN	Open Trading ...	open-trading-network
USNBT	NuBits	nubits
GAT	Gatcoin	gatcoin
HGT	HelloGold	hellogold
EXCL	ExclusiveCoin	exclusivecoin
KB3	B3Coin	b3coin
VTR	vTorrent	vtorrent
XBC	Bitcoin Plus	bitcoin-plus
MONK	Monkey Project	monkey-project
MEME	Memetic / Pep...	memetic
INXT	Internxt	internxt
UNIT	Universal Cur...	universal-currency
PLAY	HEROcoin	herocoin
QRK	Quark	quark
SSS	Sharechain	sharechain
KRB	Karbo	karbo
SHP	Sharpe Platfo...	sharpe-platform-token
DOPE	DopeCoin	dopecoin
VRM	VeriumReserve	veriumreserve
ANC	Anoncoin	anoncoin
CPAY	Cryptopay	cryptopay
LEDU	Education Eco...	education-ecosystem
UFR	Upfiring	upfiring
ZEPH	Zephyr	zephyr
OPT	Opus	opus
DNR	Denarius	denarius-dnr
HAC	Hackspace Cap...	hackspace-capital
EBST	eBoost	eboostcoin
BPL	Blockpool	blockpool
ING	Iungo	iungo
LOCI	LOCIcoin	locicoin
NLX	Nullex	nullex
VZT	Vezt	vezt
RIC	Riecoin	riecoin
XHI	HiCoin	hicoin
STAR	Starbase	starbase
PBT	Primalbase Token	primalbase
BUZZ	BuzzCoin	buzzcoin
VME	VeriME	verime
DGPT	DigiPulse	digipulse
ORE	Galactrum	galactrum
SPR	SpreadCoin	spreadcoin
SENSE	Sense	sense
HUSH	Hush	hush
XGOX	XGOX	xgox
EXY	Experty	experty
1WO	1World	1world
PIX	Lampix	lampix
PING	CryptoPing	cryptoping
HOLD	Interstellar ...	interstellar-holdings
SCL	Sociall	sociall
ZEIT	Zeitcoin	zeitcoin
CAT	BlockCAT	blockcat
ALT	Altcoin	altcoin-alt
YOC	Yocoin	yocoin
TBX	Tokenbox	tokenbox
CRAVE	Crave	crave
BLU	BlueCoin	bluecoin
MSR	Masari	masari
GENE	Parkgene	parkgene
WISH	MyWish	mywish
STA	Starta	starta
BRK	Breakout	breakout
AIX	Aigang	aigang
MVC	Maverick Chain	maverick-chain
GMT	Mercury Protocol	mercury-protocol
MFG	SyncFab	syncfab
FOR	FORCE	force
TRC	Terracoin	terracoin
CANN	CannabisCoin	cannabiscoin
EGC	EverGreenCoin	evergreencoin
CMPCO	CampusCoin	campuscoin
CPY	COPYTRACK	copytrack
SEND	Social Send	social-send
BBP	BiblePay	biblepay
IND	Indorse Token	indorse-token
1337	Elite	1337coin
BON	Bonpay	bonpay
HORSE	Ethorse	ethorse
CRB	Creditbit	creditbit
SXC	Sexcoin	sexcoin
XTL	Stellite	stellite
XNN	Xenon	xenon
REF	RefToken	reftoken
HAT	Hat.Exchange	hat-exchange
CHX	Chainium	chainium
GCN	GCN Coin	gcn-coin
CRED	Verify	verify
SUMO	Sumokoin	sumokoin
DAN	Daneel	daneel
SWIFT	Bitswift	bitswift
WSX	WeAreSatoshi	wearesatoshi
IC	Ignition	ignition
TRCT	Tracto	tracto
HUC	HunterCoin	huntercoin
MAGE	MagicCoin	magiccoin
XBP	BlitzPredict	blitzpredict
ETBS	Ethbits	ethbits
SGN	Signals Network	signals-network
CBX	Bullion	bullion
RUP	Rupee	rupee
HADE	Hade Platform	hade-platform
STAC	StarterCoin	startercoin
RUPX	Rupaya	rupaya
FYP	FlypMe	flypme
CL	Coinlancer	coinlancer
FT	Fabric Token	fabric-token
TES	TeslaCoin	teslacoin
XMG	Magi	magi
AMM	MicroMoney	micromoney
MNTP	GoldMint	goldmint
TDS	TokenDesk	tokendesk
TRUST	TrustPlus	trustplus
ACE	Ace	ace
CHC	ChainCoin	chaincoin
PYLNT	Pylon Network	pylon-network
ADC	AudioCoin	audiocoin
EFYT	Ergo	ergo
TZC	TrezarCoin	trezarcoin
ODN	Obsidian	obsidian
PHO	Photon	photon
TEAM	TokenStars	tokenstars
PUT	PutinCoin	putincoin
CREA	Creativecoin	creativecoin
EFL	e-Gulden	e-gulden
RAIN	Condensate	condensate
CPC	Capricoin	capricoin
EBTC	eBitcoin	ebtcnew
808	808Coin	808coin
NOBL	NobleCoin	noblecoin
LDOGE	LiteDoge	litedoge
STAK	STRAKS	straks
ARG	Argentum	argentum
JIYO	Jiyo	jiyo
ZNY	Bitzeny	bitzeny
DP	DigitalPrice	digitalprice
ATS	Authorship	authorship
DAY	Chronologic	chronologic
APR	APR Coin	apr-coin
EVC	EventChain	eventchain
EPY	Emphy	emphy
CRC	CryCash	crycash
ITNS	IntenseCoin	intensecoin
ESZ	EtherSportz	ethersportz
LIVE	Live Stars	live-stars
V	Version	version
ZER	Zero	zero
HIRE	HireMatch	hirematch
BTRN	Biotron	biotron
SKIN	SkinCoin	skincoin
PHI	PHI Token	phi-token
SMS	Speed Mining ...	speed-mining-service
ONG	onG.social	ongsocial
ZBC	Zilbercoin	zilbercoin
TNS	Transcodium	transcodium
EQT	EquiTrader	equitrader
TDX	Tidex Token	tidex-token
MRT	Miners&#39; Rewar...	miners-reward-token
LINX	Linx	linx
SCT	Soma	soma
INN	Innova	innova
ORI	Origami	origami
UCOM	United Crypto...	ucom
NOX	Nitro	nitro
DEUS	DeusCoin	deuscoin
DTRC	Datarius Credit	datarius-credit
WILD	Wild Crypto	wild-crypto
BYC	Bytecent	bytecent
DGC	Digitalcoin	digitalcoin
ELLA	Ellaism	ellaism
DEM	Deutsche eMark	deutsche-emark
BOUTS	BoutsPro	boutspro
TIG	Tigereum	tigereum
MAG	Magnet	magnet
VIVO	VIVO	vivo
QVT	Qvolta	qvolta
UNB	UnbreakableCoin	unbreakablecoin
EARTH	Earth Token	earth-token
JEW	Shekel	shekel
FRD	Farad	farad
STU	bitJob	student-coin
DFT	DraftCoin	draftcoin
MEC	Megacoin	megacoin
FRV	Fitrova	fitrova
UIS	Unitus	unitus
BBI	BelugaPay	belugapay
ONX	Onix	onix
BDL	Bitdeal	bitdeal
FCN	Fantomcoin	fantomcoin
LNC	Blocklancer	blocklancer
BTW	BitWhite	bitwhite
WAND	WandX	wandx
MZC	MAZA	mazacoin
LGD	Legends Room	legends-room
MXT	MarteXcoin	martexcoin
KLN	Kolion	kolion
PLAN	Plancoin	plancoin
FYN	FundYourselfNow	fundyourselfnow
XCO	X-Coin	x-coin
VULC	Vulcano	vulcano
MTNC	Masternodecoin	masternodecoin
POP	PopularCoin	popularcoin
ZET	Zetacoin	zetacoin
MBI	Monster Byte	monster-byte
FLIK	FLiK	flik
ARC	Advanced Tech...	arcticcoin
FANS	Fantasy Cash	fantasy-cash
XCN	Cryptonite	cryptonite
DCY	Dinastycoin	dinastycoin
MCAP	MCAP	mcap
MNE	Minereum	minereum
MAC	Machinecoin	machinecoin
ADZ	Adzcoin	adzcoin
HBN	HoboNickels	hobonickels
RLT	RouletteToken	roulettetoken
NET	NetCoin	netcoin
OCL	Oceanlab	oceanlab
XPTX	PlatinumBAR	platinumbar
EQL	Equal	equal
INSN	InsaneCoin	insanecoin-insn
PROC	ProCurrency	procurrency
UNIFY	Unify	unify
UNIC	UniCoin	unicoin
HPC	Happycoin	happycoin
SUR	Suretly	suretly
FJC	FujiCoin	fujicoin
BTA	Bata	bata
SAGA	SagaCoin	sagacoin
BRO	Bitradio	bitradio
EL	Elcoin	elcoin-el
NMS	Numus	numus
GRMD	GreenMed	greenmed
ELTCOIN	ELTCOIN	eltcoin
PIPL	PiplCoin	piplcoin
ARCO	AquariusCoin	aquariuscoin
WHL	WhaleCoin	whalecoin
PIGGY	Piggycoin	piggycoin
START	Startcoin	startcoin
DMB	Digital Money...	digital-money-bits
XBL	Billionaire T...	billionaire-token
CAB	Cabbage	cabbage
EBCH	EBCH	ebitcoin-cash
CNT	Centurion	centurion
UTC	UltraCoin	ultracoin
ELE	Elementrem	elementrem
BSM	Bitsum	bitsum
SGR	Sugar Exchange	sugar-exchange
FRST	FirstCoin	firstcoin
MAO	Mao Zedong	mao-zedong
BTCA	Bitair	bitair
ARCT	ArbitrageCT	arbitragect
VRS	Veros	veros
IETH	iEthereum	iethereum
QBIC	Qbic	qbic
BITBTC	bitBTC	bitbtc
JET	Jetcoin	jetcoin
ACC	Accelerator N...	accelerator-network
KBR	Kubera Coin	kubera-coin
XLC	Leviar	leviar
BTG	Bitgem	bitgem
WGO	WavesGo	wavesgo
ACC	AdCoin	adcoin
DIX	Dix Asset	dix-asset
TOKC	TOKYO	tokyo
PLC	PlusCoin	pluscoin
BTCS	Bitcoin Scrypt	bitcoin-scrypt
NYAN	Nyancoin	nyancoin
BITSILVER	bitSilver	bitsilver
GOLF	Golfcoin	golfcoin
CCRB	CryptoCarbon	cryptocarbon
TKR	CryptoInsight	trackr
LCP	Litecoin Plus	litecoin-plus
NEWB	Newbium	newbium
BTWTY	Bit20	bit20
WIN	WCOIN	wawllet
BSTY	GlobalBoost-Y	globalboost-y
BRIA	BriaCoin	briacoin
CCT	Crystal Clear 	crystal-clear
OCC	Octoin Coin	octoin-coin
PAK	Pakcoin	pakcoin
CTX	CarTaxi Token	cartaxi-token
ATOM	Atomic Coin	atomic-coin
GLC	GlobalCoin	globalcoin
MARS	Marscoin	marscoin
POST	PostCoin	postcoin
ETG	Ethereum Gold	ethereum-gold
BCF	Bitcoin Fast	bitcoinfast
TIT	Titcoin	titcoin
GRLC	Garlicoin	garlicoin
SCS	SpeedCash	speedcash
VIDZ	PureVidz	purevidz
ESC	Escroco	escoro
CCN	CannaCoin	cannacoin
REE	ReeCoin	reecoin
GRIM	Grimcoin	grimcoin
XSTC	Safe Trade Coin	safe-trade-coin
GUESS	Peerguess	guess
OPC	OP Coin	op-coin
STN	Steneum Coin	steneum-coin
TOK	Tokugawa	tokugawa
STARS	StarCash Network	starcash-network
AMMO	Ammo Reloaded	ammo-reloaded
LEA	LeaCoin	leacoin
XCT	C-Bit	c-bit
CHAN	ChanCoin	chancoin
B@	Bankcoin	bankcoin
CNO	Coin(O)	coin
EAGLE	EagleCoin	eaglecoin
300	300 Token	300-token
PLC	Polcoin	polcoin
MAY	Theresa May Coin	theresa-may-coin
ICN	iCoin	icoin
BITEUR	bitEUR	biteur
DSR	Desire	desire
SFC	Solarflarecoin	solarflarecoin
SOIL	SOILcoin	soilcoin
GLT	GlobalToken	globaltoken
CCO	Ccore	ccore
QCN	QuazarCoin	quazarcoin
NTO	Fujinto	fujinto
AGLC	AgrolifeCoin	agrolifecoin
ETHD	Ethereum Dark	ethereum-dark
BAS	BitAsean	bitasean
HBC	HomeBlockCoin	homeblockcoin
HONEY	Honey	honey
LBTC	LiteBitcoin	litebitcoin
BIP	BipCoin	bipcoin
VPRC	VapersCoin	vaperscoin
CMT	Comet	comet
GCC	GuccioneCoin	guccionecoin
VUC	Virta Unique ...	virta-unique-coin
EXN	ExchangeN	exchangen
GSR	GeyserCoin	geysercoin
RKC	Royal Kingdom...	royal-kingdom-coin
WOMEN	WomenCoin	women
COUPE	Coupecoin	coupecoin
VLTC	Vault Coin	vault-coin
CTIC3	Coimatic 3.0	coimatic-3
NANOX	Project-X	project-x
HMC	HarmonyCoin	harmonycoin-hmc
FXE	FuturXe	futurexe
LKK	Lykke	lykke
MUSE	MUSE	bitshares-music
GETX	Guaranteed Et...	guaranteed-ethurance-token-extra
RISE	Rise	rise
HDG	Hedge	hedge
BCC	BitConnect	bitconnect
LEV	Leverj	leverj
SRCOIN	SRCOIN	srcoin
ECOB	Ecobit	ecobit
CHIPS	CHIPS	chips
ZIPT	Zippie	zippie
AC	AsiaCoin	asiacoin
KLC	KiloCoin	kilocoin
APX	APX	apx
CSNO	BitDice	bitdice
POSW	PoSW Coin	posw-coin
AU	AurumCoin	aurumcoin
REAL	REAL	real
VSL	vSlice	vslice
TIE	Ties.DB	tiesdb
BTDX	Bitcloud	bitcloud
IXC	Ixcoin	ixcoin
UFO	Uniform Fisca...	uniform-fiscal-object
BASH	LuckChain	luckchain
CARBON	Carboncoin	carboncoin
REX	imbrex	imbrex
ECN	E-coin	e-coin
RC	RussiaCoin	russiacoin
DAR	Darcrus	darcrus
CDX	Commodity Ad ...	commodity-ad-network
FUNK	The Cypherfunks	the-cypherfunks
TRAK	TrakInvest	trakinvest
VSX	Vsync	vsync-vsx
KEK	KekCoin	kekcoin
KOBO	Kobocoin	kobocoin
AHT	Bowhead	bowhead
INPAY	InPay	inpay
NKA	IncaKoin	incakoin
ETT	EncryptoTel [...	encryptotel
SMLY	SmileyCoin	smileycoin
RNS	Renos	renos
EMV	Ethereum Movi...	ethereum-movie-venture
NDC	NEVERDIE	neverdie
CTR	Centra	centra
ORB	Orbitcoin	orbitcoin
CDN	Canada eCoin	canada-ecoin
42	42-coin	42-coin
WDC	WorldCoin	worldcoin
TBAR	Titanium BAR	titanium-bar
I0C	I0Coin	i0coin
SHORTY	Shorty	shorty
UNI	Universe	universe
HERO	Sovereign Hero	sovereign-hero
LOG	Woodcoin	woodcoin
MCI	Musiconomi	musiconomi
FLT	FlutterCoin	fluttercoin
RIYA	Etheriya	etheriya
XPD	PetroDollar	petrodollar
STRC	StarCredits	starcredits
GJC	Global Jobcoin	global-jobcoin
ZENI	Zennies	zennies
METAL	MetalCoin	metalcoin
MBRS	Embers	embers
SDC	ShadowCash	shadowcash
BPC	Bitpark Coin	bitpark-coin
GRWI	Growers Inter...	growers-international
DRPU	DCORP Utility	drp-utility
NETKO	Netko	netko
SKC	Skeincoin	skeincoin
MOIN	Moin	moin
MOTO	Motocoin	motocoin
TROLL	Trollcoin	trollcoin
GUN	Guncoin	guncoin
AERM	Aerium	aerium
JC	Jesus Coin	jesus-coin
IFLT	InflationCoin	inflationcoin
CRM	Cream	cream
BIGUP	BigUp	bigup
TRK	Truckcoin	truckcoin
FST	Fastcoin	fastcoin
ICOO	ICO OpenLedger	ico-openledger
TALK	BTCtalkcoin	btctalkcoin
CASH	Cashcoin	cashcoin
LANA	LanaCoin	lanacoin
TTC	TittieCoin	tittiecoin
Q2C	QubitCoin	qubitcoin
ITT	Intelligent T...	intelligent-trading-foundation
BRIT	BritCoin	britcoin
PXC	Phoenixcoin	phoenixcoin
BTB	BitBar	bitbar
ITI	iTicoin	iticoin
ECASH	Ethereum Cash	ethereumcash
NSR	NuShares	nushares
BLOCKPAY	BlockPay	blockpay
SUPER	SuperCoin	supercoin
EBET	EthBet	ethbet
TRI	Triangles	triangles
HAL	Halcyon	halcyon
TAG	TagCoin	tagcoin
TRUMP	TrumpCoin	trumpcoin
OPAL	Opal	opal
TSE	Tattoocoin (S...	tattoocoin
CUBE	DigiCube	digicube
J	Joincoin	joincoin
SNRG	Synergy	synergy
VOT	VoteCoin	votecoin
ARI	Aricoin	aricoin
DSH	Dashcoin	dashcoin
XJO	Joulecoin	joulecoin
USC	Ultimate Secu...	ultimate-secure-cash
BXT	BitTokens	bittokens
DUO	ParallelCoin	parallelcoin
REC	Regalcoin	regalcoin
HODL	HOdlcoin	hodlcoin
BLC	Blakecoin	blakecoin
DRXNE	DROXNE	droxne
BLZ	BlazeCoin	blazecoin
NUKO	Nekonium	nekonium
KUSH	KushCoin	kushcoin
SDRN	Senderon	senderon
DAXX	DaxxCoin	daxxcoin
PHS	Philosopher S...	philosopher-stones
IRL	IrishCoin	irishcoin
BITGOLD	bitGold	bitgold
FRC	Freicoin	freicoin
XPY	PayCoin	paycoin2
KURT	Kurrent	kurrent
BTCRED	Bitcoin Red	bitcoin-red
EVIL	Evil Coin	evil-coin
TGC	Tigercoin	tigercoin
8BIT	8Bit	8bit
MOJO	MojoCoin	mojocoin
IMX	Impact	impact
BITS	Bitstar	bitstar
SLG	Sterlingcoin	sterlingcoin
ISL	IslaCoin	islacoin
PR	Prototanium	prototanium
MANNA	Manna	manna
CHESS	ChessCoin	chesscoin
GAP	Gapcoin	gapcoin
FLY	Flycoin	flycoin
SMC	SmartCoin	smartcoin
MNM	Mineum	mineum
TEK	TEKcoin	tekcoin
PNX	Phantomx	phantomx
LTB	LiteBar	litebar
ERC20	ERC20	erc20
BOST	BoostCoin	boostcoin
SRC	SecureCoin	securecoin
KED	Darsek	darsek
GRN	Granite	granitecoin
CJ	Cryptojacks	cryptojacks
RBT	Rimbit	rimbit
BITZ	Bitz	bitz
NEVA	NevaCoin	nevacoin
BTCR	Bitcurrency	bitcurrency
XCXT	CoinonatX	coinonatx
EMD	Emerald Crypto	emerald
SPACE	SpaceCoin	spacecoin
JIN	Jin Coin	jin-coin
888	OctoCoin	octocoin
SWING	Swing	swing
XRA	Ratecoin	ratecoin
DDF	DigitalDevelo...	digital-developers-fund
INFX	Influxcoin	influxcoin
GB	GoldBlocks	goldblocks
DTC	Datacoin	datacoin
OTX	Octanox	octanox
NTWK	Network Token	network-token
STV	Sativacoin	sativacoin
AMBER	AmberCoin	ambercoin
PASL	Pascal Lite	pascal-lite
BERN	BERNcash	berncash
MST	MustangCoin	mustangcoin
RPC	RonPaulCoin	ronpaulcoin
PKB	ParkByte	parkbyte
BOLI	Bolivarcoin	bolivarcoin
ENT	Eternity	eternity
MAD	SatoshiMadness	satoshimadness
SIGT	Signatum	signatum
VTA	Virtacoin	virtacoin
611	SixEleven	sixeleven
RED	RedCoin	redcoin
XRE	RevolverCoin	revolvercoin
BOAT	BOAT	doubloon
BUMBA	BumbaCoin	bumbacoin
RBIES	Rubies	rubies
FNC	FinCoin	fincoin
C2	Coin2.1	coin2-1
QTL	Quatloo	quatloo
SCORE	Scorecoin	scorecoin
UNITS	GameUnits	gameunits
AMS	AmsterdamCoin	amsterdamcoin
PXI	Prime-XI	prime-xi
ZZC	ZoZoCoin	zozocoin
YTN	YENTEN	yenten
HNC	Helleniccoin	helleniccoin
MCRN	MACRON	macron
ZUR	Zurcoin	zurcoin
QBC	Quebecoin	quebecoin
PX	PX	px
XIOS	Xios	xios
FIRE	Firecoin	firecoin
SCRT	SecretCoin	secretcoin
TAJ	TajCoin	tajcoin
ABJ	Abjcoin	abjcoin
NRO	Neuro	neuro
HMP	HempCoin	hempcoin-hmp
CAT	Catcoin	catcoin
SHDW	Shadow Token	shadow-token
DALC	Dalecoin	dalecoin
ECO	EcoCoin	ecocoin
ACOIN	Acoin	acoin
XBTC21	Bitcoin 21	bitcoin-21
ALL	Allion	allion
AIB	Advanced Inte...	advanced-internet-blocks
ZMC	ZetaMicron	zetamicron
GTC	Global Tour Coin	global-tour-coin
EUC	Eurocoin	eurocoin
BRAT	BROTHER	brat
XBTS	Beatcoin	beatcoin
DBTC	Debitcoin	debitcoin
CTO	Crypto	crypto
MNC	Mincoin	mincoin
DRS	Digital Rupees	digital-rupees
TRDT	Trident Group	trident
VISIO	Visio	visio
HVCO	High Voltage	high-voltage
SOON	SoonCoin	sooncoin
CON	PayCon	paycon
$$$	Money	money
CXT	Coinonat	coinonat
GP	GoldPieces	goldpieces
DLC	Dollarcoin	dollarcoin
ELS	Elysium	elysium
BTPL	Bitcoin Planet	bitcoin-planet
FUNC	FUNCoin	funcoin
CPN	CompuCoin	compucoin
COAL	BitCoal	bitcoal
PRX	Printerium	printerium
FUZZ	FuzzBalls	fuzzballs
BTQ	BitQuark	bitquark
SONG	SongCoin	songcoin
POS	PoSToken	postoken
CACH	CacheCoin	cachecoin
MTLMC3	Metal Music Coin	metal-music-coin
BENJI	BenjiRolls	benjirolls
UET	Useless Ether...	useless-ethereum-token
BLN	Bolenum	bolenum
GPL	Gold Pressed ...	gold-pressed-latinum
CRX	Chronos	chronos
SH	Shilling	shilling
MND	MindCoin	mindcoin
ERY	Eryllium	eryllium
BNX	BnrtxCoin	bnrtxcoin
ASAFE2	AllSafe	allsafe
URO	Uro	uro
ICOB	ICOBID	icobid
FLAX	Flaxscript	flaxscript
PONZI	PonziCoin	ponzicoin
VLT	Veltor	veltor
DLISK	DAPPSTER	dappster
WORM	HealthyWormCoin	healthywormcoin
MAR	Marijuanacoin	marijuanacoin
KRONE	Kronecoin	kronecoin
JS	JavaScript Token	javascript-token
XCRE	Creatio	creatio
ATX	Artex Coin	artex-coin
JOBS	JobsCoin	jobscoin
ROOFS	Roofs	roofs
PCOIN	Pioneer Coin	pioneer-coin
JWL	Jewels	jewels
CRC	CrowdCoin	crowdcoin
MSCN	Master Swiscoin	master-swiscoin
SLEVIN	Slevin	slevin
ZYD	Zayedcoin	zayedcoin
LUNA	Luna Coin	luna-coin
XCPO	Copico	copico
CF	Californium	californium
ICON	Iconic	iconic
ADCN	Asiadigicoin	asiadigicoin
IMS	Independent M...	independent-money-system
ARB	ARbit	arbit
LIR	LetItRide	letitride
BIOS	BiosCrypto	bios-crypto
CNNC	Cannation	cannation
GBC	GBCGoldCoin	gbcgoldcoin
MILO	MiloCoin	milocoin
PIE	PIECoin	piecoin
DRM	Dreamcoin	dreamcoin
GEERT	GeertCoin	geertcoin
CWXT	CryptoWorldX ...	cryptoworldx-token
TAGR	TAGRcoin	tagrcoin
LTCR	Litecred	litecred
ITZ	Interzone	interzone
GLS	GlassCoin	glasscoin
IMPS	ImpulseCoin	impulsecoin
LTCU	LiteCoin Ultra	litecoin-ultra
VEC2	VectorAI	vector
PLNC	PLNcoin	plncoin
STEPS	Steps	steps
DOLLAR	Dollar Online	dollar-online
CRDNC	Credence Coin	credence-coin
RSGP	RSGPcoin	rsgpcoin
ACP	AnarchistsPrime	anarchistsprime
PLACO	PlayerCoin	playercoin
DES	Destiny	destiny
KNC	KingN Coin	kingn-coin
BSC	BowsCoin	bowscoin
PEX	PosEx	posex
VOLT	Bitvolt	bitvolt
PRC	PRCoin	prcoin
WBB	Wild Beast Block	wild-beast-block
SANDG	Save and Gain	save-and-gain
ARGUS	Argus	argus
XRC	Rawcoin	rawcoin2
OFF	Cthulhu Offer...	cthulhu-offerings
SLFI	Selfiecoin	selfiecoin
BIOB	BioBar	biobar
IBANK	iBank	ibank
CREVA	CrevaCoin	crevacoin
NODC	NodeCoin	nodecoin
CTIC2	Coimatic 2.0	coimatic-2
CONX	Concoin	concoin
SOCC	SocialCoin	socialcoin-socc
ULA	Ulatech	ulatech
MGM	Magnum	magnum
TSTR	Tristar Coin	tristar-coin
LVPS	LevoPlus	levoplus
EBT	Ebittree Coin	ebittree-coin
AI	POLY AI	poly-ai
CKUSD	CK USD	ckusd
QKC	QuarkChain	quarkchain
ATMC	ATMCoin	atmcoin
NOAH	Noah Coin	noah-coin
TTT	TrustNote	trustnote
PAI	PCHAIN	pchain
TRIO	Tripio	tripio
SKM	Skrumble Network	skrumble-network
APIS	APIS	apis
PNT	Penta	penta
OF	OFCOIN	ofcoin
ZIP	ZIP	zip
CAN	Content and A...	content-and-ad-network
LBA	Libra Credit	libra-credit
KCASH	Kcash	kcash
EDU	EduCoin	edu-coin
OC	OceanChain	oceanchain
NPXS	Pundi X	pundi-x
SGCC	Super Game Chain	super-game-chain
AAC	Acute Angle C...	acute-angle-cloud
RCT	RealChain	realchain
STC	StarChain	starchain
BNK	Bankera	bankera
RED	RED	red
LBTC	Lightning Bit...	lightning-bitcoin
LUC	Level Up Coin	level-up
SBTC	Super Bitcoin	super-bitcoin
XTZ	Tezos (Pre-La...	tezos
DIG	Dignity	dignity
UBTC	United Bitcoin	united-bitcoin
MOF	Molecular Future	molecular-future
MT	MyToken	mytoken
BZNT	Bezant	bezant
MEET	CoinMeet	coinmeet
INC	Influence Chain	influence-chain
MAG	Maggie	maggie
TOPC	TopChain	topchain
OPEN	Open Platform	open-platform
CMCT	Crowd Machine	crowd-machine
VLC	ValueChain	valuechain
AWR	AWARE	aware
FREC	Freyrchain	freyrchain
SOUL	Phantasma	phantasma
CHAT	ChatCoin	chatcoin
GEM	Gems 	gems-protocol
FRGC	Fargocoin	fargocoin
SNTR	Silent Notary	silent-notary
BCX	BitcoinX	bitcoinx
DRG	Dragon Coins	dragon-coins
FIL	Filecoin [Fut...	filecoin
SHOW	Show	show
LIGHT	LightChain	lightchain
GSC	Global Social...	global-social-chain
IIC	Intelligent I...	intelligent-investment-chain
WETH	WETH	weth
INSUR	InsurChain	insurchain
EDR	Endor Protocol	endor-protocol
0xBTC	0xBitcoin	0xbtc
READ	Read	read
SEELE	Seele	seele
CFUN	CFun	cfun
IDT	InvestDigital	investdigital
HLC	HalalChain	halalchain
IQT	iQuant	iquant
BCI	Bitcoin Interest	bitcoin-interest
LRN	Loopring [NEO]	loopring-neo
SPD	SPINDLE	spindle
ADK	Aidos Kuneen	aidos-kuneen
PAT	Patron	patron
NTY	Nexty	nexty
NEC	Nectar	nectar
BBO	Bigbom	bigbom
XUC	Exchange Union	exchange-union
ETZ	Ether Zero	ether-zero
UIP	UnlimitedIP	unlimitedip
KEY	KEY	key
RBLX	Rublix	rublix
SCC	StockChain	stockchain
EPC	Electronic PK...	electronic-pk-chain
XMC	Monero Classic	monero-classic
FAIR	FairGame	fairgame
CRE	Cybereits	cybereits
PXC	Pixie Coin	pixie-coin
EXC	Eximchain	eximchain
IPC	IPChain	ipchain
CPT	Cryptaur	cryptaur
QUBE	Qube	qube
BBC	TraDove B2BCoin	b2bcoin
XRH	Rhenium	rhenium
BIG	BigONE Token	bigone-token
IVY	Ivy	ivy
AVH	Animation Vis...	animation-vision-cash
XIN	Infinity Econ...	infinity-economics
XID	Sphre AIR 	sphre-air
DASC	Dascoin	dascoin
CANDY	Candy	candy
SHOP	Shopin	shopin
REPO	REPO	repo
WC	WINCOIN	win-coin
PRS	PressOne	pressone
CMS	COMSA [ETH]	comsa-eth
CAZ	Cazcoin	cazcoin
SIC	Swisscoin	swisscoin
PWR	Powercoin	powercoin
BSN	Bastonet	bastonet
CNN	Content Neutr...	content-neutrality-network
SEN	Consensus	consensus
ECH	Etherecash	etherecash
B2X	SegWit2x	segwit2x
XYO	XYO Network	xyo-network
SNIP	SnipCoin	snipcoin
MSD	MSD	msd
BCDN	BlockCDN	blockcdn
CROP	Cropcoin	cropcoin
CMS	COMSA [XEM]	comsa-xem
CVH	Curriculum Vitae	curriculum-vitae
BMH	BlockMesh	blockmesh
AC3	AC3	ac3
GBG	Golos Gold	golos-gold
XMO	Monero Original	monero-original
FACE	Faceter	faceter
ATC	Arbitracoin	arbitracoin
EMB	EmberCoin	embercoin
TCOIN	T-coin	t-coin
BUBO	Budbo	budbo
HERO	Hero	hero
KST	StarCoin	starcointv
LST	Lendroid Supp...	lendroid-support-token
AMN	Amon	amon
DML	Decentralized...	decentralized-machine-learning
VIPS	Vipstar Coin	vipstar-coin
CNET	ContractNet	contractnet
IFC	Infinitecoin	infinitecoin
W3C	W3Coin	w3coin
GCS	GameChain System	gamechain
TESLA	TeslaCoilCoin	teslacoilcoin
TER	TerraNova	terranova
CEFS	CryptopiaFeeS...	cryptopiafeeshares
EJOY	EJOY	ejoy
WA	WA Space	wa-space
BSR	BitSoar	bitsoar
XOT	Internet of T...	internet-of-things
PRES	President Trump	president-trump
GARY	President Joh...	president-johnson
BITCF	First Bitcoin...	first-bitcoin-capital
KDC	KlondikeCoin	klondikecoin
GOD	Bitcoin God	bitcoin-god
HPY	Hyper Pay	hyper-pay
CLUB	ClubCoin	clubcoin
SISA	SISA	sisa
TLE	Tattoocoin (L...	tattoocoin-limited
EDRC	EDRCoin	edrcoin
SBC	StrikeBitClub	strikebitclub
OOT	Utrum	utrum
CLD	Cloud	cloud
EDT	EtherDelta Token	etherdelta-token
COR	CORION	corion
BELA	Bela	belacoin
DGX	Digix Gold Token	digix-gold-token
ACC	ACChain	acchain
SHA	SHACoin	shacoin
UNITY	SuperNET	supernet-unity
INDI	Indicoin	indicoin
RBBT	RabbitCoin	rabbitcoin
ANI	Animecoin	animecoin
XRY	Royalties	royalties
BIRDS	Birds	birds
ERA	ERA	blakestar
SLOTH	Slothcoin	slothcoin
GDC	GrandCoin	grandcoin
ELITE	Ethereum Lite	ethereum-lite
ZENGOLD	ZenGold	zengold
SUP	Superior Coin	superior-coin
SPK	Sparks	sparks
NAMO	NamoCoin	namocoin
INDIA	India Coin	india-coin
EAG	EA Coin	ea-coin
UTT	United Trader...	uttoken
HC	Harvest Maste...	harvest-masternode-coin
PROUD	PROUD Money	proud-money
TURBO	TurboCoin	turbocoin
MARX	MarxCoin	marxcoin
AKY	Akuya Coin	akuya-coin
UNC	UNCoin	uncoin
DMC	DynamicCoin	dynamiccoin
MINEX	Minex	minex
WINK	Wink	wink
AV	AvatarCoin	avatarcoin
SND	Sand Coin	sand-coin
BIT	First Bitcoin	first-bitcoin
UR	UR	ur
HIGH	High Gain	high-gain
SONO	SONO	altcommunity-coin
UNRC	UniversalRoya...	universalroyalcoin
WIC	Wi Coin	wi-coin
FRN	Francs	francs
XTD	XTD Coin	xtd-coin
HDLB	HODL Bucks	hodl-bucks
SKR	Sakuracoin	sakuracoin
DAV	DavorCoin	davorcoin
MAGN	Magnetcoin	magnetcoin
LEPEN	LePen	lepen
SJW	SJWCoin	sjwcoin
NUMUS	NumusCash	numuscash
RYZ	ANRYZE	anryze
BLAZR	BlazerCoin	blazercoin
ZSE	ZSEcoin	zsecoin
BUB	Bubble	bubble
ETT	EncryptoTel [...	encryptotel-eth
QBT	Cubits	cubits
DUTCH	Dutch Coin	dutch-coin
MDC	Madcoin	madcoin
PCS	Pabyosi Coin ...	pabyosi-coin-special
TELL	Tellurion	tellurion
TOP	TopCoin	topcoin
CFC	CoffeeCoin	coffeecoin
RUNNERS	Runners	runners
DASHS	Dashs	dashs
FAZZ	Fazzcoin	fazzcoin
SMOKE	Smoke	smoke
SIGMA	SIGMAcoin	sigmacoin
LDCN	LandCoin	landcoin
NEOG	NEO GOLD	neo-gold
PRIMU	Primulon	primulon
XQN	Quotient	quotient
CRYPT	CryptCoin	cryptcoin
LKC	LinkedCoin	linkedcoin
LEVO	Levocoin	levocoin
FAP	FAPcoin	fapcoin
BTCM	BTCMoon	btcmoon
GMX	GoldMaxCoin	goldmaxcoin
DON	Donationcoin	donationcoin
AXIOM	Axiom	axiom
POKE	PokeCoin	pokecoin
BET	BetaCoin	betacoin
BTBc	Bitbase	bitbase
HNC	Huncoin	huncoin
OPES	Opescoin	opescoin
GAIN	UGAIN	ugain
RICHX	RichCoin	richcoin
REGA	Regacoin	regacoin
EREAL	eREAL	ereal
PRN	Protean	protean
STEX	STEX	stex
GRX	GOLD Reward T...	gold-reward-token
BTE	BitSerial	bitserial
MCR	Macro	macro1
HALLO	Halloween Coin	halloween-coin
CHEAP	Cheapcoin	cheapcoin
EGG	EggCoin	eggcoin
SAK	Sharkcoin	sharkcoin
ACN	Avoncoin	avoncoin
SJCX	Storjcoin X	storjcoin-x
OP	Operand	operand
KARMA	Karmacoin	karmacoin
HYPER	Hyper	hyper
SHELL	ShellCoin	shellcoin
CYC	Cycling Coin	cycling-coin
DCRE	DeltaCredits	deltacredits
X2	X2	x2
DISK	DarkLisk	darklisk
ABC	Alphabit	alphabitcoinfund
PRM	PrismChain	prismchain
ACES	Aces	aces
TODAY	TodayCoin	todaycoin
SPORT	SportsCoin	sportscoin
OMC	Omicron	omicron
RCN	Rcoin	rcoin
ROYAL	RoyalCoin	royalcoin
KASHH	KashhCoin	kashhcoin
BEST	BestChain	bestchain
BITOK	Bitok	bitok
ANTX	Antimatter	antimatter
SKULL	Pirate Blocks	pirate-blocks
ASN	Aseancoin	aseancoin
OX	OX Fina	ox-fina
CYDER	Cyder	cyder
BT2	BT2 [CST]	bt2-cst
PLX	PlexCoin	plexcoin
BAR	Titanium Bloc...	titanium-blockchain
BANK	Bank Coin	bank-coin
QORA	Qora	qora
XVC	Vcash	vcash
FRCT	Farstcoin	farstcoin
ENT	ENTCash	entcash
SWTC	Jingtum Tech	jingtum-tech
ATX	Aston	aston
